EEID,Full Name,Job Title,Department,Business Unit,Gender,Ethnicity,Age,Hire Date,Annual Salary,Bonus %,Country,City,Exit Date,PK,EmploymentRating,DaysOfAbsence,EducationLevel,CertificationsEarned
E02387,Emily Davis,Sr. Manger,IT,Research & Development,Female,Black,55,2016-04-08,141604,0.15,United States,Seattle,2021-10-16,808,5,2,Master's,2
E04105,Theodore Dinh,Technical Architect,IT,Manufacturing,Male,Asian,59,1997-11-29,99975,0,China,Chongqing,NULL,460,10,8,Bachelor's,2
E02832,Penelope Jordan,Computer Systems Manager,IT,Manufacturing,Female,Caucasian,26,2019-09-27,84913,0.07,United States,Chicago,NULL,738,8,3,Bachelor's,2
E01550,Ruby Barnes,Manager,IT,Corporate,Female,Caucasian,27,2020-07-01,119746,0.1,United States,Phoenix,NULL,171,7,13,Master's,0
E04116,David Barnes,,IT,Corporate,Male,Caucasian,64,2013-11-03,186503,0.24,United States,Columbus,NULL,461,8,8,Bachelor's,2
E03680,Elias Alvarado,Sr. Manger,IT,Manufacturing,Male,Latino,56,2012-01-09,146140,0.1,Brazil,Manaus,NULL,356,7,10,Bachelor's,2
E03484,Logan Rivera,Director,IT,Research & Development,Male,Latino,59,2002-05-24,172787,0.28,Brazil,Rio de Janerio,NULL,240,8,12,Master's,0
E00304,Dylan Choi,Vice President,IT,Corporate,Male,Asian,63,2012-05-11,231141,0.34,China,Beijing,NULL,644,10,5,Master's,4
E02594,Ezekiel Kumar,IT Coordinator,IT,Research & Development,Male,Asian,28,2017-06-25,54775,0,United States,Columbus,NULL,882,6,1,Bachelor's,1
E02074,Nora Brown,Enterprise Architect,IT,Manufacturing,Female,Caucasian,32,2014-02-11,99575,0,United States,Austin,NULL,173,8,13,Bachelor's,4
E04285,Riley Padilla,Technical Architect,IT,Manufacturing,Female,Latino,35,2013-05-15,78940,0,United States,Miami,NULL,464,6,8,Bachelor's,3
E01417,Leah Pena,Enterprise Architect,IT,Corporate,Female,Latino,57,1994-01-03,82872,0,Brazil,Manaus,NULL,519,10,7,Master's,3
E03574,John Moore,Vice President,IT,Speciality Products,Male,Caucasian,52,2005-11-08,199808,0.32,United States,Seattle,NULL,465,5,8,Bachelor's,2
E03538,Gabriel Holmes,Enterprise Architect,IT,Research & Development,Male,Caucasian,,2010-11-04,92952,0,United States,Seattle,NULL,121,10,14,Bachelor's,0
E02185,Wyatt Rojas,Computer Systems Manager,IT,Corporate,Male,Latino,32,2013-03-20,79921,0.05,United States,Austin,NULL,271,6,12,Bachelor's,2
E02185,Wyatt Rojas,Computer Systems Manager,IT,Corporate,Male,Latino,32,2013-03-20,79921,0.05,United States,Austin,NULL,122,10,14,Bachelor's,1
E03830,Eva Coleman,Director,IT,Research & Development,Female,Black,37,2009-09-20,167199,0.2,United States,Seattle,NULL,864,5,2,Bachelor's,4
E03830,Eva Coleman,Director,IT,Research & Development,Female,Black,37,2009-09-20,167199,0.2,United States,Seattle,NULL,520,7,7,Bachelor's,3
E02862,Peyton Huang,Sr. Manger,IT,Manufacturing,Female,Asian,25,2021-07-02,125633,0.11,China,Beijing,NULL,466,7,8,Bachelor's,3
E00699,Ava Ayala,Sr. Manger,IT,Corporate,Female,Latino,55,2006-08-16,159044,0.1,Brazil,Manaus,NULL,243,10,12,Master's,3
E01249,Penelope Guerrero,Vice President,IT,Speciality Products,Female,Latino,43,2009-08-04,208415,0.35,United States,Seattle,NULL,944,8,0,Bachelor's,1
E01249,Penelope Guerrero,Vice President,IT,Speciality Products,Female,Latino,43,2009-08-04,208415,0.35,United States,Seattle,NULL,289,7,12,Bachelor's,1
E03349,Anna Mehta,Cloud Infrastructure Architect,IT,Speciality Products,Female,Asian,32,2020-01-05,78844,0,United States,Seattle,NULL,690,8,4,Bachelor's,1
E03349,Anna Mehta,Cloud Infrastructure Architect,IT,Speciality Products,Female,Asian,32,2020-01-05,78844,0,United States,Seattle,NULL,576,5,7,Bachelor's,0
E03349,Anna Mehta,Cloud Infrastructure Architect,IT,Speciality Products,Female,Asian,32,2020-01-05,78844,0,United States,Seattle,NULL,158,5,14,PhD,3
E01540,Miles Salazar,IT Coordinator,IT,Manufacturing,Male,Latino,36,2010-12-23,53215,0,Brazil,Sao Paulo,2014-03-27,306,10,11,Bachelor's,2
E03417,Benjamin Moua,Computer Systems Manager,IT,Manufacturing,Male,Asian,40,2007-07-02,93971,0.08,China,Chongqing,NULL,691,7,4,Bachelor's,1
E03440,Genesis Navarro,Cloud Infrastructure Architect,IT,Corporate,Female,Latino,41,2009-04-28,69803,0,Brazil,Manaus,NULL,948,7,0,Bachelor's,3
E00431,Eliza Hernandez,Network Architect,IT,Corporate,Female,Latino,48,2019-07-04,76588,0,Brazil,Rio de Janerio,NULL,820,5,2,Bachelor's,3
E00431,Eliza Hernandez,Network Architect,IT,Corporate,Female,Latino,48,2019-07-04,76588,0,Brazil,Rio de Janerio,NULL,645,10,5,Bachelor's,1
E01258,Gabriel Brooks,Network Engineer,IT,Manufacturing,Male,Caucasian,29,2018-12-10,84596,0,United States,Miami,NULL,888,8,1,Bachelor's,4
E04931,Zoe Romero,Network Architect,IT,Manufacturing,Female,Latino,32,2021-10-05,88072,0,Brazil,Sao Paulo,NULL,178,7,13,Bachelor's,1
E00443,Nolan Bui,Computer Systems Manager,IT,Research & Development,Male,Asian,28,2020-05-26,67925,0.08,China,Shanghai,NULL,949,6,0,Bachelor's,4
E02875,Madeline Shin,Computer Systems Manager,IT,Speciality Products,Female,Asian,48,2007-01-09,74546,0.09,United States,Seattle,NULL,950,5,0,Bachelor's,2
E04903,Skylar Liu,Director,IT,Research & Development,Female,Asian,29,2020-08-09,161203,0.15,China,Chengdu,NULL,742,10,3,Master's,4
E01642,Mia Lam,Sr. Manger,IT,Manufacturing,Female,Asian,49,2006-04-18,134486,0.14,United States,Austin,NULL,817,8,2,Bachelor's,1
E02331,Sophia Huynh,Enterprise Architect,IT,Manufacturing,Female,Asian,55,2005-08-09,92771,0,United States,Miami,NULL,359,7,10,Master's,1
E04267,Greyson Sanders,Cloud Infrastructure Architect,IT,Speciality Products,Male,Black,28,2019-03-06,90304,0,United States,Chicago,NULL,818,8,2,Master's,0
E03042,Ava Nelson,Systems Analyst,IT,Manufacturing,Female,Caucasian,63,1992-04-01,53809,0,United States,Phoenix,NULL,247,10,12,Master's,0
E03131,Ezekiel Reed,Sr. Manger,IT,Manufacturing,Male,Caucasian,37,NULL,,,,,2021-05-01,130,9,14,Master's,2
E00306,Mateo Williams,Enterprise Architect,IT,Manufacturing,Male,Caucasian,40,2011-01-22,97339,0,United States,Austin,NULL,756,8,3,Bachelor's,0
E00306,Mateo Williams,Enterprise Architect,IT,Manufacturing,Male,Caucasian,40,2011-01-22,97339,0,United States,Austin,NULL,472,6,8,Bachelor's,0
E02094,Matthew Gupta,Network Engineer,IT,Speciality Products,Male,Asian,45,2005-09-18,67686,0,China,Beijing,NULL,248,9,12,Bachelor's,2
E03567,,Technical Architect,IT,Research & Development,Male,Latino,51,2008-04-15,86431,0,United States,Columbus,NULL,743,8,3,Bachelor's,4
E01499,Elias Zhang,Solutions Architect,IT,Research & Development,Male,Asian,54,2013-07-13,83639,0,China,Beijing,NULL,547,10,7,Bachelor's,2
E01499,Elias Zhang,Solutions Architect,IT,Research & Development,Male,Asian,54,2013-07-13,83639,0,China,Beijing,NULL,522,10,7,Bachelor's,0
E01499,Elias Zhang,Solutions Architect,IT,Research & Development,Male,Asian,54,2013-07-13,83639,0,China,Beijing,NULL,362,6,10,Bachelor's,1
E00521,Lily Carter,Network Architect,IT,Research & Development,Female,Caucasian,54,1998-05-18,68268,0,United States,Phoenix,NULL,363,5,10,Master's,0
E02855,Piper Cheng,Enterprise Architect,IT,Manufacturing,Female,,,NULL,,,United States,Miami,NULL,411,9,9,Bachelor's,3
E00816,Skylar Watson,Network Architect,IT,Speciality Products,Female,,,NULL,,,United States,Phoenix,NULL,364,9,10,Bachelor's,0
E02283,Jaxon Park,Network Architect,IT,Manufacturing,Male,Asian,33,2020-07-24,69453,0,China,Chengdu,NULL,412,7,9,Bachelor's,3
E04888,Elijah Henry,Manager,IT,Corporate,Male,Caucasian,32,2014-01-03,127148,0.1,United States,Miami,NULL,7,7,16,Master's,1
E04504,Jameson Alvarado,Enterprise Architect,IT,Manufacturing,Male,Latino,47,1999-03-14,92897,0,Brazil,Sao Paulo,NULL,48,6,15,Bachelor's,2
E04618,Mason Zhao,Technical Architect,IT,Research & Development,Male,Asian,46,2021-10-26,94790,0,China,Chongqing,NULL,821,8,2,Bachelor's,4
E00535,Nathan Mendez,Manager,IT,Speciality Products,Male,Latino,53,2006-10-31,120128,0.1,United States,Austin,NULL,957,7,0,Bachelor's,3
E01361,Emma Hill,IT Coordinator,IT,Manufacturing,Female,Caucasian,54,2016-12-27,41673,0,United States,Miami,NULL,183,5,13,Master's,2
E03269,Charlotte Chu,Network Engineer,IT,Manufacturing,Female,Asian,50,2001-01-23,97537,0,China,Chengdu,NULL,528,7,7,Bachelor's,0
E01037,Jeremiah Chu,IT Systems Architect,IT,Research & Development,Male,Asian,31,2020-09-12,96567,0,China,Shanghai,NULL,476,6,8,Bachelor's,0
E00671,Miles Cho,Systems Analyst,IT,Speciality Products,Male,Asian,47,1999-03-10,49404,0,China,Beijing,NULL,941,10,0,Bachelor's,4
E00671,Miles Cho,Systems Analyst,IT,Speciality Products,Male,Asian,47,1999-03-10,49404,0,China,Beijing,NULL,50,7,15,Bachelor's,3
E02216,Caleb Marquez,IT Systems Architect,IT,Research & Development,Male,Latino,29,2019-10-15,66819,0,Brazil,Rio de Janerio,NULL,9,7,16,Bachelor's,2
E02333,Jaxson Wright,Service Desk Analyst,IT,Manufacturing,Male,Black,54,2010-12-28,64417,0,United States,Columbus,NULL,187,10,13,Bachelor's,1
E00233,Brooklyn Reyes,Service Desk Analyst,IT,Manufacturing,Female,Latino,36,2019-12-19,91954,0,United States,Columbus,NULL,478,6,8,Bachelor's,1
E00697,Jonathan Chavez,System Administrator ,IT,Manufacturing,Male,Latino,29,2017-05-11,87536,0,United States,Seattle,NULL,587,7,6,Bachelor's,1
E00523,Daniel Jordan,Network Administrator,IT,Corporate,Male,Caucasian,58,1993-07-26,69260,0,United States,Phoenix,NULL,52,8,15,Bachelor's,3
E01986,Wesley Sharma,Manager,IT,Corporate,Male,Asian,51,1994-02-23,122802,0.05,China,Shanghai,NULL,365,7,10,Bachelor's,1
E01484,Anna Zhu,Service Desk Analyst,IT,Manufacturing,Female,Asian,48,2003-08-22,82017,0,China,Beijing,NULL,749,7,3,Bachelor's,2
E02227,Sofia Parker,Cloud Infrastructure Architect,IT,Manufacturing,Female,Caucasian,36,2014-05-30,99080,0,United States,Chicago,NULL,895,7,1,Bachelor's,0
E03935,Cora Jiang,Vice President,IT,Corporate,Female,Asian,53,2008-04-30,182202,0.3,United States,Austin,NULL,591,10,6,Bachelor's,2
E00813,Autumn Joseph,Enterprise Architect,IT,Corporate,Female,Black,39,2018-05-09,73317,0,United States,Miami,NULL,54,8,15,PhD,2
E00870,Evelyn Liang,Service Desk Analyst,IT,Speciality Products,Female,Asian,40,2013-06-26,69096,0,United States,Seattle,NULL,191,10,13,Bachelor's,4
E04112,Axel Chu,Systems Analyst,IT,Research & Development,Male,Asian,43,2018-05-04,59888,0,China,Beijing,NULL,257,9,12,Bachelor's,2
E04572,Jade Li,Director,IT,Speciality Products,Female,Asian,47,2012-10-26,183156,0.3,United States,Seattle,NULL,417,9,9,Master's,1
E02747,Kinsley Acosta,Vice President,IT,Speciality Products,Female,Latino,32,2020-07-22,192749,0.31,United States,Chicago,NULL,535,5,7,Bachelor's,0
E01064,Clara Kang,Sr. Manger,IT,Manufacturing,Female,Asian,39,2017-03-25,135325,0.14,United States,Phoenix,NULL,651,7,5,Master's,1
E01525,Charlotte Ruiz,Computer Systems Manager,IT,Manufacturing,Female,Latino,32,2017-10-02,61886,0.09,Brazil,Rio de Janerio,NULL,946,10,0,Bachelor's,4
E01525,Charlotte Ruiz,Computer Systems Manager,IT,Manufacturing,Female,Latino,32,2017-10-02,61886,0.09,Brazil,Rio de Janerio,NULL,138,7,14,Bachelor's,4
E00691,Avery Yee,Systems Analyst,IT,Manufacturing,Female,Asian,34,2016-05-22,44614,0,United States,Miami,NULL,583,6,6,Master's,1
E00691,Avery Yee,Systems Analyst,IT,Manufacturing,Female,Asian,34,2016-05-22,44614,0,United States,Miami,NULL,315,10,11,PhD,3
E01403,Xavier Park,Vice President,IT,Research & Development,Male,Asian,40,2020-11-08,234469,0.31,China,Chengdu,NULL,316,9,11,Master's,3
E03941,Isla Han,Technical Architect,IT,Manufacturing,Female,Asian,58,2005-06-18,86089,0,United States,Chicago,NULL,536,9,7,Bachelor's,0
E01638,Maria He,IT Systems Architect,IT,Corporate,Female,Asian,45,2010-08-28,82162,0,China,Beijing,2020-10-03,964,7,0,Master's,3
E01638,Maria He,IT Systems Architect,IT,Corporate,Female,Asian,45,2010-08-28,82162,0,China,Beijing,2020-10-03,224,6,13,Bachelor's,1
E03474,Violet Hall,Solutions Architect,IT,Corporate,Female,Caucasian,40,2010-12-10,97807,0,United States,Chicago,NULL,486,7,8,Bachelor's,2
E01281,Isaac Mitchell,Network Architect,IT,Speciality Products,Male,Black,46,2005-06-10,67374,0,United States,Austin,NULL,140,6,14,Bachelor's,3
E00672,Landon Luu,Vice President,IT,Research & Development,Male,Asian,31,2015-07-12,215388,0.33,United States,Miami,NULL,898,5,1,PhD,2
E00672,Landon Luu,Vice President,IT,Research & Development,Male,Asian,31,2015-07-12,215388,0.33,United States,Miami,NULL,891,7,1,Bachelor's,3
E03292,Cora Evans,Computer Systems Manager,IT,Speciality Products,Female,Black,45,2018-03-26,86478,0.06,United States,Austin,NULL,60,5,15,Bachelor's,2
E04567,Madeline Hoang,Systems Analyst,IT,Research & Development,Female,Asian,28,2019-10-25,50111,0,China,Chengdu,NULL,370,6,10,Bachelor's,3
E04378,Ezra Simmons,Network Administrator,IT,Manufacturing,Male,Black,31,2016-05-07,71192,0,United States,Austin,NULL,62,10,15,Bachelor's,3
E03908,Miles Evans,Network Architect,IT,Manufacturing,Male,Caucasian,54,1994-10-24,87216,0,United States,Miami,NULL,899,8,1,Bachelor's,3
E01351,Leo Owens,Systems Analyst,IT,Corporate,Male,Caucasian,47,2020-04-23,50069,0,United States,Seattle,NULL,423,5,9,Bachelor's,2
E02681,Caroline Owens,Director,IT,Speciality Products,Female,Caucasian,26,2021-07-26,151108,0.22,United States,Phoenix,NULL,321,7,11,PhD,2
E03807,Kennedy Do,Computer Systems Manager,IT,Manufacturing,Female,Asian,42,2005-10-15,67398,0.07,United States,Phoenix,NULL,141,6,14,Master's,3
E03807,Kennedy Do,Computer Systems Manager,IT,Manufacturing,Female,Asian,42,2005-10-15,67398,0.07,United States,Phoenix,NULL,78,5,15,PhD,4
E04816,Jace Zhang,Service Desk Analyst,IT,Speciality Products,Male,Asian,31,2017-02-14,95963,0,China,Chengdu,NULL,757,6,3,Master's,0
E03268,Everly Coleman,Vice President,IT,Corporate,Female,Caucasian,48,2015-02-18,194871,0.35,United States,Columbus,NULL,824,9,2,Bachelor's,1
E03268,Everly Coleman,Vice President,IT,Corporate,Female,Caucasian,48,2015-02-18,194871,0.35,United States,Columbus,NULL,598,9,6,Bachelor's,1
E04290,Hannah Gomez,Technical Architect,IT,Manufacturing,Female,Latino,25,2021-05-11,83934,0,United States,Miami,NULL,424,10,9,Master's,0
E02770,Liliana Do,Service Desk Analyst,IT,Manufacturing,Female,Asian,30,2019-03-29,86774,0,China,Chengdu,NULL,65,8,15,Bachelor's,1
E02770,Liliana Do,Service Desk Analyst,IT,Manufacturing,Female,Asian,30,2019-03-29,86774,0,China,Chengdu,NULL,28,8,16,Master's,0
E01378,Genesis Xiong,System Administrator ,IT,Research & Development,Female,Asian,51,2012-02-25,64170,0,United States,Columbus,NULL,834,7,2,Bachelor's,2
E02971,Mia Wu,Enterprise Architect,IT,Corporate,Female,Asian,45,2013-08-25,99169,0,China,Beijing,NULL,903,8,1,Bachelor's,1
E00836,Addison Roberts,Network Architect,IT,Manufacturing,Female,Caucasian,65,2018-05-14,60985,0,United States,Seattle,NULL,805,8,3,Bachelor's,4
E00836,Addison Roberts,Network Architect,IT,Manufacturing,Female,Caucasian,65,2018-05-14,60985,0,United States,Seattle,NULL,601,6,6,Bachelor's,3
E03854,Camila Li,Sr. Manger,IT,Research & Development,Female,Asian,60,2010-07-24,126911,0.1,China,Shanghai,NULL,759,6,3,Bachelor's,4
E02861,Daniel Perry,Enterprise Architect,IT,Research & Development,Male,Caucasian,62,2001-04-15,80921,0,United States,Columbus,NULL,15,5,16,Bachelor's,1
E04387,Everleigh White,Network Architect,IT,Speciality Products,Female,Caucasian,59,2017-10-20,86831,0,United States,Phoenix,NULL,657,8,5,Bachelor's,0
E03090,Penelope Choi,Technical Architect,IT,Speciality Products,Female,Asian,49,2010-09-10,72826,0,China,Beijing,NULL,200,6,13,Master's,0
E03328,Lucy Johnson,Manager,IT,Research & Development,Female,Caucasian,57,2020-04-27,103058,0.07,United States,Columbus,NULL,702,9,4,PhD,4
E01241,Hadley Guerrero,Sr. Manger,IT,Research & Development,Female,Latino,49,2004-01-14,125086,0.1,Brazil,Sao Paulo,NULL,265,8,12,Bachelor's,2
E03255,Jose Brown,System Administrator ,IT,Speciality Products,Male,Caucasian,43,2016-04-07,67976,0,United States,Seattle,NULL,703,8,4,Bachelor's,1
E02023,Maverick Mehta,Systems Analyst,IT,Manufacturing,Male,Asian,40,2007-07-30,41859,0,United States,Seattle,NULL,603,5,6,PhD,1
E03166,Austin Edwards,IT Coordinator,IT,Manufacturing,Male,Black,42,2006-09-24,52733,0,United States,Chicago,NULL,372,7,10,Master's,1
E04529,Gabriel Yu,Technical Architect,IT,Speciality Products,Male,Asian,42,2014-06-23,64677,0,China,Chongqing,NULL,541,5,7,Bachelor's,2
E00085,Mason Watson,Sr. Manger,IT,Corporate,Male,Caucasian,46,2004-09-14,130274,0.11,United States,Chicago,NULL,658,7,5,Bachelor's,4
E00085,Mason Watson,Sr. Manger,IT,Corporate,Male,Caucasian,46,2004-09-14,130274,0.11,United States,Chicago,NULL,474,10,8,Master's,0
E00632,Angel Chang,Network Architect,IT,Research & Development,Male,Asian,37,2017-07-06,96331,0,China,Shanghai,NULL,704,10,4,Bachelor's,1
E03685,Silas Hunter,Solutions Architect,IT,Corporate,Male,Black,55,1998-05-04,62174,0,United States,Chicago,NULL,837,10,2,Master's,2
E00401,Wesley Adams,System Administrator ,IT,Corporate,Male,Caucasian,48,2003-08-11,93017,0,United States,Seattle,NULL,428,5,9,Bachelor's,3
E01479,Serenity Bailey,IT Systems Architect,IT,Manufacturing,Female,Caucasian,55,2011-11-21,81218,0,United States,Chicago,NULL,907,10,1,PhD,3
E03540,Emma Perry,Solutions Architect,IT,Manufacturing,Female,Caucasian,28,2018-01-22,68176,0,United States,Seattle,NULL,705,5,4,Bachelor's,0
E04041,Clara Huynh,IT Coordinator,IT,Speciality Products,Female,Asian,39,2020-11-18,48415,0,China,Shanghai,NULL,489,5,8,Bachelor's,0
E04546,Jade Hunter,Cloud Infrastructure Architect,IT,Corporate,Female,Caucasian,42,2020-02-05,96636,0,United States,Columbus,NULL,375,5,10,Master's,0
E04217,Lydia Williams,System Administrator ,IT,Manufacturing,Female,Black,35,2014-10-29,91592,0,United States,Chicago,NULL,606,10,6,Bachelor's,0
E00344,Savannah He,Director,IT,Research & Development,Female,Asian,52,1996-02-14,159724,0.23,China,Beijing,NULL,763,10,3,Master's,1
E00965,Jacob Khan,Computer Systems Manager,IT,Speciality Products,Male,Asian,53,2008-02-09,84193,0.09,China,Shanghai,NULL,764,6,3,Bachelor's,3
E04639,Luna Taylor,Network Administrator,IT,Manufacturing,Female,Caucasian,47,2018-07-28,87806,0,United States,Seattle,NULL,145,8,14,Bachelor's,0
E03058,Angel Xiong,Vice President,IT,Research & Development,Male,Asian,35,2015-06-11,234723,0.36,China,Shanghai,NULL,1000,6,0,Bachelor's,4
E03058,Angel Xiong,Vice President,IT,Research & Development,Male,Asian,35,2015-06-11,234723,0.36,China,Shanghai,NULL,71,6,15,Master's,4
E04538,Adeline Yang,Cloud Infrastructure Architect,IT,Corporate,Female,Asian,53,2011-07-20,86173,0,China,Chongqing,NULL,204,6,13,Bachelor's,0
E01132,Gabriella Johnson,Computer Systems Manager,IT,Research & Development,Female,Caucasian,42,2006-03-01,97433,0.05,United States,Seattle,2015-08-08,662,8,5,Bachelor's,4
E01132,Gabriella Johnson,Computer Systems Manager,IT,Research & Development,Female,Caucasian,42,2006-03-01,97433,0.05,United States,Seattle,2015-08-08,262,9,12,Bachelor's,4
E04466,Connor Bell,Network Administrator,IT,Corporate,Male,Black,54,2000-04-01,76352,0,United States,Austin,NULL,664,10,5,Bachelor's,4
E00747,Leilani Baker,Technical Architect,IT,Speciality Products,Female,Caucasian,59,2010-04-04,76027,0,United States,Seattle,NULL,432,8,9,Bachelor's,0
E01524,Ian Miller,Computer Systems Manager,IT,Corporate,Male,Black,31,2016-10-13,63744,0.08,United States,Austin,NULL,147,8,14,Bachelor's,4
E01952,Everett Lee,Network Administrator,IT,Research & Development,Male,Asian,45,2010-02-26,90770,0,United States,Columbus,NULL,148,5,14,Master's,1
E04784,Joshua Lin,Technical Architect,IT,Research & Development,Male,Asian,37,2016-02-05,80055,0,China,Beijing,NULL,331,7,11,Bachelor's,0
E01070,Grayson Brown,Vice President,IT,Corporate,Male,Caucasian,38,2016-06-22,249870,0.34,United States,Chicago,NULL,706,9,4,Bachelor's,2
E01070,Grayson Brown,Vice President,IT,Corporate,Male,Caucasian,38,2016-06-22,249870,0.34,United States,Chicago,NULL,367,10,10,Bachelor's,2
E00784,Ella Nguyen,Service Desk Analyst,IT,Corporate,Female,Asian,60,2004-02-10,90258,0,China,Chongqing,NULL,765,10,3,Master's,0
E04925,Athena Jordan,System Administrator ,IT,Manufacturing,Female,Black,42,2011-02-19,72486,0,United States,Seattle,NULL,666,10,5,Master's,2
E00436,Lincoln Reyes,Computer Systems Manager,IT,Manufacturing,Male,Latino,60,1998-08-03,85120,0.09,United States,Seattle,NULL,885,10,1,Bachelor's,4
E00436,Lincoln Reyes,Computer Systems Manager,IT,Manufacturing,Male,Latino,60,1998-08-03,85120,0.09,United States,Seattle,NULL,610,8,6,Bachelor's,4
E01496,Ava Ortiz,Enterprise Architect,IT,Manufacturing,Female,Latino,53,2004-07-20,65702,0,United States,Columbus,NULL,79,8,15,PhD,4
E03616,Josiah Lewis,Manager,IT,Research & Development,Male,Caucasian,46,2021-08-11,127559,0.1,United States,Austin,NULL,377,9,10,Master's,1
E02313,Jeremiah Lu,Network Architect,IT,Manufacturing,Male,Asian,50,2001-03-06,73907,0,China,Shanghai,NULL,545,7,7,Bachelor's,4
E03881,Andrew Reed,System Administrator ,IT,Corporate,Male,Black,28,2019-06-17,65341,0,United States,Miami,2022-04-11,841,8,2,Master's,3
E03223,Ethan Joseph,IT Coordinator,IT,Research & Development,Male,Caucasian,45,2018-05-28,49219,0,United States,Columbus,NULL,22,8,16,PhD,3
E02917,Everett Morales,Solutions Architect,IT,Speciality Products,Male,Latino,57,2014-07-10,66649,0,Brazil,Rio de Janerio,NULL,546,7,7,Bachelor's,2
E03371,Jack Alexander,Vice President,IT,Manufacturing,Male,Caucasian,56,2006-05-29,228822,0.36,United States,Miami,NULL,380,9,10,Bachelor's,0
E01499,Liam Jordan,Computer Systems Manager,IT,Manufacturing,Male,Caucasian,28,2020-08-08,73255,0.09,United States,Phoenix,NULL,547,10,7,Bachelor's,2
E01499,Liam Jordan,Computer Systems Manager,IT,Manufacturing,Male,Caucasian,28,2020-08-08,73255,0.09,United States,Phoenix,NULL,522,10,7,Bachelor's,0
E01499,Liam Jordan,Computer Systems Manager,IT,Manufacturing,Male,Caucasian,28,2020-08-08,73255,0.09,United States,Phoenix,NULL,362,6,10,Bachelor's,1
E00593,Luke Wilson,Solutions Architect,IT,Speciality Products,Male,Caucasian,34,2016-05-24,94352,0,United States,Miami,NULL,548,8,7,Bachelor's,0
E01103,Lyla Alvarez,IT Systems Architect,IT,Research & Development,Female,Latino,55,1994-08-30,73955,0,United States,Phoenix,NULL,435,9,9,Bachelor's,3
E01958,Angel Lin,Network Administrator,IT,Manufacturing,Male,Asian,27,2020-12-24,92321,0,United States,Chicago,NULL,150,6,14,Master's,0
E01870,Easton Moore,Computer Systems Manager,IT,Research & Development,Male,Caucasian,52,2013-05-23,99557,0.09,United States,Seattle,NULL,549,10,7,Master's,4
E01870,Easton Moore,Computer Systems Manager,IT,Research & Development,Male,Caucasian,52,2013-05-23,99557,0.09,United States,Seattle,NULL,206,9,13,Bachelor's,1
E00099,Brooklyn Salazar,IT Systems Architect,IT,Manufacturing,Female,Latino,44,2011-03-01,82462,0,United States,Austin,NULL,333,9,11,Bachelor's,3
E00044,Scarlett Jenkins,Vice President,IT,Research & Development,Female,Caucasian,53,2011-11-09,198473,0.32,United States,Miami,NULL,211,6,13,Bachelor's,2
E04756,Aiden Le,Cloud Infrastructure Architect,IT,Corporate,Male,Asian,55,1994-12-24,99774,0,United States,Austin,NULL,381,5,10,Bachelor's,3
E04114,Christopher Lim,Director,IT,Research & Development,Male,Asian,55,2007-03-13,184648,0.24,China,Shanghai,NULL,334,8,11,Bachelor's,0
E01423,James Castillo,Vice President,IT,Manufacturing,Male,Latino,51,2001-07-19,247874,0.33,Brazil,Manaus,NULL,708,10,4,Bachelor's,0
E03354,Silas Estrada,IT Systems Architect,IT,Corporate,Male,Latino,49,2016-06-24,68426,0,Brazil,Rio de Janerio,NULL,236,6,13,Bachelor's,0
E03354,Silas Estrada,IT Systems Architect,IT,Corporate,Male,Latino,49,2016-06-24,68426,0,Brazil,Rio de Janerio,NULL,82,6,15,Bachelor's,3
E04359,Layla Salazar,Solutions Architect,IT,Corporate,Female,Latino,59,2014-03-19,90901,0,United States,Seattle,NULL,590,5,6,Bachelor's,2
E04359,Layla Salazar,Solutions Architect,IT,Corporate,Female,Latino,59,2014-03-19,90901,0,United States,Seattle,NULL,23,6,16,PhD,1
E01724,Nolan Molina,Computer Systems Manager,IT,Corporate,Male,Latino,36,2020-12-27,70165,0.07,Brazil,Manaus,NULL,844,6,2,Master's,4
E04087,Adam Kaur,Manager,IT,Corporate,Male,Asian,60,2000-01-29,109059,0.07,China,Chengdu,NULL,553,6,7,Bachelor's,2
E00319,Ezra Wilson,Service Desk Analyst,IT,Manufacturing,Male,Caucasian,55,2013-10-18,70334,0,United States,Miami,NULL,615,5,6,Bachelor's,1
E04323,Melody Valdez,Director,IT,Manufacturing,Female,Latino,28,2021-01-25,160385,0.23,United States,Miami,2021-05-18,280,5,12,Bachelor's,0
E01995,Jonathan Ho,Vice President,IT,Manufacturing,Male,Asian,37,2011-06-25,221592,0.31,United States,Columbus,NULL,336,9,11,Master's,2
E04491,Nathan Chan,Cloud Infrastructure Architect,IT,Corporate,Male,Asian,45,2000-03-02,91276,0,United States,Seattle,NULL,382,10,10,Bachelor's,2
E04170,Grayson Chin,Vice President,IT,Research & Development,Male,Asian,26,2020-05-09,256561,0.39,United States,Austin,NULL,383,7,10,Bachelor's,2
E00929,Allison Espinoza,Solutions Architect,IT,Speciality Products,Female,Latino,45,2020-04-16,66958,0,United States,Miami,NULL,977,7,0,Master's,1
E03824,Jameson Martin,Technical Architect,IT,Corporate,Male,Caucasian,37,2008-02-15,71695,0,United States,Phoenix,NULL,125,8,14,Master's,1
E03824,Jameson Martin,Technical Architect,IT,Corporate,Male,Caucasian,37,2008-02-15,71695,0,United States,Phoenix,NULL,26,9,16,Master's,2
E04535,Charlotte Vo,System Administrator ,IT,Speciality Products,Female,Asian,57,2014-01-10,74854,0,United States,Seattle,NULL,847,9,2,Bachelor's,0
E01432,Peyton Garza,Systems Analyst,IT,Manufacturing,Female,Latino,53,2004-08-15,44735,0,Brazil,Manaus,NULL,916,9,1,Bachelor's,4
E03890,Everett Khan,Solutions Architect,IT,Manufacturing,Male,Asian,43,2017-01-18,86417,0,United States,Chicago,NULL,713,10,4,PhD,2
E03890,Everett Khan,Solutions Architect,IT,Manufacturing,Male,Asian,43,2017-01-18,86417,0,United States,Chicago,NULL,307,10,11,Bachelor's,1
E02012,Anna Han,System Administrator ,IT,Research & Development,Female,Asian,65,2003-05-08,96548,0,United States,Austin,NULL,979,9,0,Bachelor's,2
E01519,Anthony Marquez,Vice President,IT,Speciality Products,Male,Latino,54,2009-08-15,241083,0.39,United States,Columbus,NULL,387,9,10,Bachelor's,1
E01366,William Walker,Computer Systems Manager,IT,Research & Development,Male,Black,40,2019-02-24,95899,0.1,United States,Columbus,2021-03-08,714,10,4,Bachelor's,1
E01591,Paisley Trinh,Technical Architect,IT,Corporate,Female,Asian,57,1992-05-04,76202,0,United States,Austin,1994-12-18,338,8,11,Bachelor's,3
E03870,Madeline Allen,Cloud Infrastructure Architect,IT,Manufacturing,Female,Caucasian,30,2020-02-03,94652,0,United States,Seattle,NULL,980,10,0,PhD,2
E01927,Charles Moore,Technical Architect,IT,Manufacturing,Male,Black,34,2016-02-16,63411,0,United States,Miami,NULL,555,9,7,Bachelor's,2
E04174,Maverick Henry,Computer Systems Manager,IT,Research & Development,Male,Caucasian,26,2019-07-10,69110,0.05,United States,Chicago,NULL,285,5,12,Bachelor's,0
E02903,Robert Vazquez,System Administrator ,IT,Corporate,Male,Latino,40,2021-09-26,87770,0,United States,Austin,NULL,779,6,3,Bachelor's,2
E01387,Cora Zheng,Director,IT,Manufacturing,Female,Asian,27,2018-01-03,167100,0.2,China,Chengdu,NULL,92,8,15,Bachelor's,0
E01363,Ayla Daniels,Technical Architect,IT,Corporate,Female,Caucasian,53,1997-04-23,78153,0,United States,Miami,NULL,222,10,13,Bachelor's,3
E02987,Mateo Harris,Manager,IT,Corporate,Male,Caucasian,30,2017-08-05,119906,0.05,United States,Columbus,NULL,93,8,15,Bachelor's,0
E04048,Julian Lee,IT Systems Architect,IT,Corporate,Male,Asian,51,2003-01-17,91399,0,United States,Seattle,NULL,676,9,5,Bachelor's,1
E03626,Nicholas Avila,Enterprise Architect,IT,Research & Development,Male,Latino,28,2017-09-28,97336,0,United States,Austin,NULL,339,10,11,Bachelor's,0
E02192,Lucy Avila,Solutions Architect,IT,Speciality Products,Female,Latino,43,2010-04-22,76912,0,Brazil,Sao Paulo,NULL,983,6,0,Bachelor's,1
E04123,Andrew Holmes,Vice President,IT,Speciality Products,Male,Black,59,2010-12-30,246619,0.36,United States,Miami,NULL,619,10,6,Bachelor's,4
E03694,Eli Reed,Systems Analyst,IT,Corporate,Male,Caucasian,51,2014-02-27,53929,0,United States,Miami,2017-12-22,848,8,2,Bachelor's,2
E03694,Eli Reed,Systems Analyst,IT,Corporate,Male,Caucasian,51,2014-02-27,53929,0,United States,Miami,2017-12-22,561,7,7,Master's,4
E03694,Eli Reed,Systems Analyst,IT,Corporate,Male,Caucasian,51,2014-02-27,53929,0,United States,Miami,2017-12-22,340,7,11,Bachelor's,1
E03227,Eli Richardson,IT Coordinator,IT,Speciality Products,Male,Caucasian,38,2015-04-19,48762,0,United States,Seattle,NULL,855,6,2,Bachelor's,1
E02258,Eliza Chen,Enterprise Architect,IT,Research & Development,Female,Asian,36,2016-04-29,75862,0,United States,Austin,NULL,987,7,0,Bachelor's,3
E02440,Grayson Turner,Solutions Architect,IT,Corporate,Male,Caucasian,54,1992-06-30,63196,0,United States,Chicago,2014-10-26,719,7,4,PhD,0
E01649,Eva Alvarado,Computer Systems Manager,IT,Manufacturing,Female,Latino,46,2017-04-24,77461,0.09,Brazil,Sao Paulo,NULL,720,10,4,Bachelor's,2
E02798,Charles Henderson,Systems Analyst,IT,Speciality Products,Male,Caucasian,48,2002-02-11,43080,0,United States,Austin,NULL,30,10,16,Master's,3
E01429,Dylan Wilson,Network Administrator,IT,Research & Development,Male,Caucasian,48,2006-09-27,76505,0,United States,Seattle,2007-04-08,94,7,15,PhD,4
E00494,Robert Alvarez,Service Desk Analyst,IT,Corporate,Male,Latino,39,2016-10-21,84297,0,Brazil,Manaus,NULL,678,7,5,Bachelor's,3
E04732,Benjamin Ramirez,Network Engineer,IT,Research & Development,Male,Latino,48,2005-07-27,68987,0,United States,Chicago,2006-04-22,462,5,8,Bachelor's,2
E04732,Benjamin Ramirez,Network Engineer,IT,Research & Development,Male,Latino,48,2005-07-27,68987,0,United States,Chicago,2006-04-22,162,10,14,Bachelor's,0
E00981,Miles Thao,System Administrator ,IT,Corporate,Male,Asian,57,2003-06-26,63318,0,United States,Columbus,NULL,95,5,15,Master's,3
E04547,Avery Grant,Enterprise Architect,IT,Research & Development,Female,Caucasian,49,2014-03-05,88777,0,United States,Chicago,NULL,924,6,1,Bachelor's,1
E03248,Lyla Stewart,Sr. Manger,IT,Speciality Products,Female,Caucasian,43,2015-03-27,120321,0.12,United States,Austin,NULL,394,10,10,Bachelor's,2
E04444,Brooklyn Ruiz,IT Coordinator,IT,Manufacturing,Female,Latino,61,2014-08-10,57446,0,United States,Phoenix,NULL,990,6,0,Bachelor's,4
E02005,Isabella Bui,Enterprise Architect,IT,Manufacturing,Female,Asian,36,2014-11-21,97500,0,United States,Miami,NULL,723,6,4,Bachelor's,1
E01895,Gabriel Zhou,IT Coordinator,IT,Manufacturing,Male,Asian,25,2021-01-17,41844,0,China,Chongqing,NULL,874,9,2,Bachelor's,2
E01895,Gabriel Zhou,IT Coordinator,IT,Manufacturing,Male,Asian,25,2021-01-17,41844,0,China,Chongqing,NULL,680,9,5,Bachelor's,4
E03928,Miles Dang,IT Coordinator,IT,Speciality Products,male,Asian,61,2000-09-24,40063,0,United States,Miami,NULL,566,6,7,Master's,0
E04109,Leah Bryant,IT Coordinator,IT,Manufacturing,female,Caucasian,55,2004-04-30,40124,0,United States,Austin,NULL,292,5,12,Bachelor's,1
E00639,Benjamin Mai,System Administrator ,IT,Corporate,male,Asian,54,1998-06-15,95239,0,United States,Phoenix,NULL,450,5,9,Bachelor's,0
E04189,Ariana Kim,Network Architect,IT,Manufacturing,Female,Asian,33,2014-06-29,96366,0,China,Chengdu,NULL,991,6,0,Bachelor's,0
E03583,Kayden Jordan,Cloud Infrastructure Architect,IT,Research & Development,Male,Caucasian,48,2010-09-14,99335,0,United States,Phoenix,NULL,681,9,5,Master's,2
E03583,Kayden Jordan,Cloud Infrastructure Architect,IT,Research & Development,Male,Caucasian,48,2010-09-14,99335,0,United States,Phoenix,NULL,308,9,11,Master's,0
E02428,Connor Luu,Computer Systems Manager,IT,Speciality Products,Male,Asian,35,2016-05-03,73899,0.05,China,Chengdu,NULL,101,10,15,Master's,0
E03830,Madison Her,Technical Architect,IT,Speciality Products,Female,Asian,56,1996-06-22,82806,0,United States,Seattle,NULL,864,5,2,Bachelor's,4
E03830,Madison Her,Technical Architect,IT,Speciality Products,Female,Asian,56,1996-06-22,82806,0,United States,Seattle,NULL,520,7,7,Bachelor's,3
E04079,Christopher Butler,Network Architect,IT,Manufacturing,Male,Caucasian,41,2017-10-05,67468,0,United States,Miami,NULL,165,10,14,Bachelor's,2
E04972,Sophie Oh,Network Engineer,IT,Corporate,Female,Asian,29,2017-11-09,63985,0,United States,Miami,NULL,509,6,8,Bachelor's,0
E04972,Sophie Oh,Network Engineer,IT,Corporate,Female,Asian,29,2017-11-09,63985,0,United States,Miami,NULL,259,7,12,Bachelor's,0
E04972,Sophie Oh,Network Engineer,IT,Corporate,Female,Asian,29,2017-11-09,63985,0,United States,Miami,NULL,17,8,16,Bachelor's,3
E01834,Chloe Allen,Solutions Architect,IT,Manufacturing,Female,Caucasian,64,2004-07-08,77903,0,United States,Seattle,NULL,347,7,11,Bachelor's,0
E01898,Oliver Moua,IT Systems Architect,IT,Corporate,Male,Asian,29,2021-06-28,71234,0,United States,Seattle,NULL,397,10,10,Bachelor's,1
E00862,Levi Moreno,Systems Analyst,IT,Research & Development,Male,Latino,64,2020-06-27,40316,0,Brazil,Manaus,NULL,572,7,7,PhD,2
E02576,Gianna Ha,Manager,IT,Research & Development,Female,Asian,55,2005-02-08,115145,0.05,China,Chongqing,NULL,788,5,3,Bachelor's,2
E00035,Lillian Gonzales,Cloud Infrastructure Architect,IT,Manufacturing,Female,Latino,43,2009-03-13,62335,0,Brazil,Manaus,NULL,866,9,2,Master's,3
E00465,Brooklyn Cho,Technical Architect,IT,Manufacturing,Female,Asian,45,2002-07-08,92655,0,China,Chengdu,NULL,294,10,12,PhD,0
E00465,Brooklyn Cho,Technical Architect,IT,Manufacturing,Female,Asian,45,2002-07-08,92655,0,China,Chengdu,NULL,269,10,12,Bachelor's,4
E04697,Eleanor Williams,Enterprise Architect,IT,Speciality Products,Female,Caucasian,61,2005-02-09,64462,0,United States,Chicago,NULL,930,7,1,Bachelor's,3
E00592,Josephine Richardson,System Administrator ,IT,Manufacturing,Female,Caucasian,57,1996-02-18,75354,0,United States,Austin,1996-12-14,295,9,12,Bachelor's,4
E03332,Ruby Sun,Cloud Infrastructure Architect,IT,Manufacturing,Female,Asian,50,2021-09-06,83418,0,China,Shanghai,NULL,869,5,2,Bachelor's,2
E03278,Nevaeh James,Solutions Architect,IT,Speciality Products,Female,Caucasian,45,2017-11-03,66660,0,United States,Austin,NULL,516,7,8,PhD,3
E03278,Nevaeh James,Solutions Architect,IT,Speciality Products,Female,Caucasian,45,2017-11-03,66660,0,United States,Austin,NULL,510,6,8,Bachelor's,2
E03240,Aiden Silva,Vice President,IT,Research & Development,Male,Latino,42,2010-11-29,186725,0.32,Brazil,Manaus,NULL,790,8,3,Bachelor's,0
E00555,Sofia Trinh,Network Architect,IT,Speciality Products,Female,Asian,45,2006-12-18,68337,0,China,Chongqing,NULL,871,10,2,Bachelor's,4
E00555,Sofia Trinh,Network Architect,IT,Speciality Products,Female,Asian,45,2006-12-18,68337,0,China,Chongqing,NULL,438,5,9,Bachelor's,2
E03149,Layla Collins,IT Systems Architect,IT,Speciality Products,Female,Caucasian,26,2021-03-11,74170,0,United States,Austin,NULL,232,8,13,PhD,0
E04380,Naomi Washington,Manager,IT,Speciality Products,Female,Caucasian,51,2020-03-13,107195,0.09,United States,Austin,NULL,725,10,4,Master's,0
E02035,Eli Rahman,Service Desk Analyst,IT,Manufacturing,Male,Asian,45,2010-03-16,88182,0,China,Chengdu,NULL,792,5,3,Master's,3
E03595,Christopher Howard,Enterprise Architect,IT,Speciality Products,Male,Caucasian,61,2019-08-26,75780,0,United States,Seattle,NULL,511,6,8,Master's,0
E02135,John Delgado,Cloud Infrastructure Architect,IT,Corporate,Male,Latino,30,2017-02-11,92058,0,United States,Austin,NULL,233,9,13,Bachelor's,2
E02217,William Phillips,Network Architect,IT,Corporate,Male,Black,61,2004-01-27,88478,0,United States,Austin,NULL,726,7,4,Bachelor's,2
E03519,Eliza Zheng,Computer Systems Manager,IT,Speciality Products,Female,Asian,48,2014-04-20,91679,0.07,China,Chongqing,NULL,727,5,4,Bachelor's,3
E01125,Joshua Yang,Network Engineer,IT,Manufacturing,Male,Asian,34,2018-11-10,61944,0,China,Shanghai,NULL,628,10,6,Bachelor's,0
E00102,Riley Rojas,Network Architect,IT,Speciality Products,Female,Latino,36,2021-01-21,90333,0,Brazil,Rio de Janerio,NULL,106,6,15,Bachelor's,2
E03455,Hadley Ford,Systems Analyst,IT,Research & Development,Female,Caucasian,52,2005-02-23,45286,0,United States,Chicago,NULL,995,9,0,Master's,0
E02274,Isabella Bailey,Network Administrator,IT,Manufacturing,Female,Caucasian,36,2010-08-23,61310,0,United States,Phoenix,NULL,108,6,15,PhD,4
E02848,Lincoln Huynh,System Administrator ,IT,Research & Development,Male,Asian,55,2016-11-09,87851,0,China,Chongqing,NULL,936,5,1,Master's,4
E02848,Lincoln Huynh,System Administrator ,IT,Research & Development,Male,Asian,55,2016-11-09,87851,0,China,Chongqing,NULL,311,6,11,Bachelor's,2
E03296,Eloise Trinh,Solutions Architect,IT,Speciality Products,Female,Asian,39,2020-04-22,90535,0,United States,Miami,NULL,299,8,12,Master's,4
E01339,Jeremiah Hernandez,Network Engineer,IT,Manufacturing,Male,Latino,26,2019-04-14,74467,0,United States,Columbus,2021-01-15,169,7,14,Bachelor's,2
E00869,Nova Lin,Cloud Infrastructure Architect,IT,Manufacturing,Female,Asian,33,2017-10-21,69332,0,United States,Columbus,NULL,111,9,15,Bachelor's,1
E04978,Peyton Harris,Enterprise Architect,IT,Research & Development,Female,Caucasian,45,2009-04-05,64505,0,United States,Miami,NULL,354,6,11,Master's,0
E04089,Sebastian Fong,Sr. Manger,IT,Manufacturing,Male,Asian,46,2017-12-16,136716,0.12,United States,Austin,NULL,801,5,3,Bachelor's,3
E01722,Asher Huynh,Manager,IT,Manufacturing,Male,Asian,45,2015-01-22,101288,0.1,United States,Phoenix,NULL,457,10,9,Bachelor's,4
E00640,Paisley Bryant,Cloud Infrastructure Architect,IT,Manufacturing,Female,Black,37,2016-04-27,91400,0,United States,Chicago,NULL,113,10,15,Bachelor's,4
E04670,Angel Do,IT Systems Architect,IT,Speciality Products,Male,Asian,34,2019-09-20,94735,0,China,  Beijing  ,NULL,998,10,0,PhD,3
E02888,Elijah Ramos,Sr. Manger,IT,Speciality Products,Male,Latino,33,2012-12-24,132544,0.1,Brazil,Rio de Janerio,NULL,999,9,0,Bachelor's,2
E01611,Gabriella Zhu,Computer Systems Manager,IT,Speciality Products,Female,Asian,36,2014-11-29,88730,0.08,China,Chongqing,NULL,39,8,16,Bachelor's,4
E03168,Nora Le,Sr. Manger,IT,Manufacturing,Female,Asian,53,1997-04-12,154388,0.1,United States,Seattle,NULL,803,6,3,Bachelor's,3
E03691,Colton Garcia,Solutions Architect,IT,Speciality Products,Male,Latino,55,1993-11-17,80170,0,United States,Miami,NULL,633,9,6,Master's,4
E00559,Penelope Silva,Network Architect,IT,Speciality Products,Female,Latino,36,2016-11-03,94618,0,United States,Columbus,NULL,735,7,4,Bachelor's,1
E02221,Julian Delgado,Systems Analyst,IT,Speciality Products,Male,Latino,29,2016-05-19,52693,0,Brazil,Rio de Janerio,NULL,115,8,15,Bachelor's,0
E00126,Isabella Scott,Network Administrator,IT,Research & Development,Female,Caucasian,58,2016-04-26,72045,0,United States,Phoenix,NULL,575,9,7,Bachelor's,1
E00481,Jameson Nelson,Network Architect,IT,Research & Development,Male,Caucasian,61,2016-03-08,96566,0,United States,Columbus,NULL,636,7,6,Bachelor's,3
E02833,Adrian Fernandez,Systems Analyst,IT,Research & Development,Male,Latino,45,2001-08-23,54994,0,United States,Columbus,NULL,40,5,16,Bachelor's,0
E03902,Madison Hunter,Network Administrator,IT,Corporate,Female,Caucasian,40,2012-02-05,61523,0,United States,Columbus,NULL,404,8,10,Bachelor's,3
E00287,Maverick Figueroa,IT Systems Architect,IT,Corporate,Male,Latino,48,2008-07-06,94815,0,United States,Chicago,NULL,939,6,1,Bachelor's,0
E00287,Maverick Figueroa,IT Systems Architect,IT,Corporate,Male,Latino,48,2008-07-06,94815,0,United States,Chicago,NULL,784,5,3,Bachelor's,1
E03247,Aaliyah Mai,Vice President,IT,Speciality Products,Female,Asian,57,2016-11-11,246589,0.33,United States,Phoenix,2017-03-26,405,10,10,Bachelor's,0
E03247,Aaliyah Mai,Vice President,IT,Speciality Products,Female,Asian,57,2016-11-11,246589,0.33,United States,Phoenix,2017-03-26,1,7,16,Bachelor's,0
E00156,Madelyn Scott,Sr. Manger,IT,Research & Development,Female,Caucasian,46,2002-01-09,148035,0.14,United States,Phoenix,NULL,116,5,15,Bachelor's,0
E01578,Anthony Hong,Sr. Manger,IT,Research & Development,male,Asian,37,2010-11-29,146961,0.11,United States,Columbus,NULL,577,6,7,Bachelor's,2
E03058,Robert Wright,Technical Architect,IT,Manufacturing,Male,Caucasian,30,2015-06-14,67489,0,United States,Chicago,NULL,1000,6,0,Bachelor's,4
E03058,Robert Wright,Technical Architect,IT,Manufacturing,Male,Caucasian,30,2015-06-14,67489,0,United States,Chicago,NULL,71,6,15,Master's,4
E04762,Audrey Richardson,Director,IT,Manufacturing,Female,Caucasian,46,2018-10-06,166259,0.17,United States,Chicago,NULL,117,8,15,Bachelor's,4
E01148,Scarlett Kumar,Systems Analyst,IT,Corporate,Female,Asian,55,2009-01-07,47032,0,United States,Columbus,NULL,41,9,16,Master's,2
E02323,Bob Dylan,Technical Architect,IT,Manufacturing,Male,Caucasian,52,2000-04-05,123000,0,United States,Miami,2017-10-04,1001,7,9,PhD,3
E07986,Albert Wagner,Systems Analyst,IT,Corporate,Male,Caucasian,60,1998-10-03,65120,0,United States,Seattle,2013-11-11,1006,7,6,Bachelor's,2
E09121,Michelle Dumas,Network Architect,IT,Research & Development,Female,Black,54,2007-09-20,201762,0.1,United States,Chicago,2020-04-19,1008,7,4,Master's,3